{
  "buildType": "Release",
  "compileDisabled": {
    "baselineMedian": 121.4133,
    "baselineSamples": [
      123.1384,
      121.3757,
      120.9202,
      128.1391,
      121.4133,
      121.1443,
      121.55,
      121.2785,
      121.0593,
      121.0664,
      121.0114,
      122.0903,
      125.6348,
      123.9219,
      123.2637
    ],
    "median": 121.393,
    "overheadPercent": -0.2148034852853864,
    "overheadSamples": [
      -1.4915737089323922,
      0.3573202873392356,
      0.3910016688692286,
      2.2065083959540654,
      -0.2148034852853864,
      -0.2926262316922834,
      -0.5212669683257953,
      -0.2950234377898764,
      0.8024166668731736,
      0.8626670983856721,
      -0.1869245376881823,
      -0.97444268709308,
      -1.8687497413137022,
      -0.6522656608718758,
      -0.19730058403244488
    ],
    "samples": [
      121.3017,
      121.8094,
      121.393,
      130.9665,
      121.1525,
      120.7898,
      120.9164,
      120.9207,
      122.0307,
      122.1108,
      120.7852,
      120.9006,
      123.287,
      123.1136,
      123.0205
    ]
  },
  "enabled": {
    "baselineMedian": 123.0224,
    "baselineSamples": [
      122.8916,
      122.7937,
      122.8,
      122.8999,
      123.5903,
      122.9852,
      122.9833,
      123.0489,
      123.0478,
      122.906,
      123.2043,
      123.0224,
      123.297,
      123.2081,
      123.5782
    ],
    "median": 123.7885,
    "overheadPercent": 0.5168831951476216,
    "overheadSamples": [
      0.458941050486783,
      0.5168831951476216,
      0.4118078175895823,
      0.4515056562291786,
      0.6587086527017005,
      1.0381736989491408,
      0.6722050880078934,
      1.06307329850166,
      0.601961189066369,
      0.38500968219614684,
      1.0655472252185882,
      0.8214764140514141,
      0.37721923485567466,
      0.33561105154611415,
      0.35936759072392466
    ],
    "passed": true,
    "samples": [
      123.4556,
      123.4284,
      123.3057,
      123.4548,
      124.4044,
      124.262,
      123.81,
      124.357,
      123.7885,
      123.3792,
      124.5171,
      124.033,
      123.7621,
      123.6216,
      124.0223
    ],
    "targetPercent": 2.0
  },
  "iterations": 10000,
  "method": "paired-interleaved-median",
  "repeats": 15,
  "runtimeDisabled": {
    "baselineMedian": 123.2133,
    "baselineSamples": [
      123.0877,
      123.2179,
      123.6114,
      122.8835,
      122.7144,
      122.8172,
      122.9088,
      122.8673,
      122.7675,
      123.5355,
      123.4306,
      123.3562,
      123.2133,
      123.2205,
      124.0482
    ],
    "median": 123.2791,
    "overheadPercent": 0.029409924793477593,
    "overheadSamples": [
      0.029409924793477593,
      0.4143066875835322,
      -0.19431864698563617,
      -0.0332021792999071,
      0.06674033365277054,
      0.09306514071318883,
      -0.11032570491290583,
      -0.05160038513095655,
      0.11094141364775822,
      0.1295174261649379,
      -0.06716324801142592,
      -0.06250192531871424,
      0.13975763980023093,
      0.4442442613039166,
      -0.3564743382007962
    ],
    "passed": true,
    "samples": [
      123.1239,
      123.7284,
      123.3712,
      122.8427,
      122.7963,
      122.9315,
      122.7732,
      122.8039,
      122.9037,
      123.6955,
      123.3477,
      123.2791,
      123.3855,
      123.7679,
      123.606
    ],
    "targetPercent": 0.1
  },
  "schemaVersion": 1,
  "sink": null,
  "trace": {
    "error": "",
    "exported": true,
    "path": "docs/dev/results/profiler/sample-trace.json"
  },
  "units": "milliseconds",
  "workUnitsPerZone": 16384
}